{"type":"Topology","transform":{"scale":[0.003589293992939929,0.0008590596905969058],"translate":[-179.14733999999999,-14.552548999999999]},"arcs":[[[26136,56114],[-14,290]],[[25733,53023],[27,-3]],[[25760,53020],[83,-1]],[[25286,54863],[-9,-314]],[[25277,54549],[-3,-94]],[[25713,54146],[114,3]],[[25827,54149],[0,-307],[-1,-53],[-14,0],[0,-151]],[[25812,53638],[-56,-2]],[[25756,53636],[-38,1],[-8,25],[-11,100],[0,141]],[[25699,53903],[0,90]],[[25699,53993],[-1,153],[15,0]],[[25718,57673],[-104,8]],[[25614,57681],[-4,1]],[[25897,53538],[0,105],[14,9],[0,93]],[[25911,53745],[99,0]],[[26010,53745],[0,-490]],[[26010,53255],[-112,-5]],[[25898,53250],[-1,288]],[[25644,57317],[55,-124],[32,-34]],[[25731,57159],[11,6],[8,32],[13,-6],[3,-30],[14,29],[13,-2],[5,-34]],[[25798,57154],[-9,-204],[0,-77]],[[25789,56873],[-147,11]],[[25642,56884],[2,433]],[[25392,52659],[-5,80],[11,68],[12,18],[-10,40],[-1,29],[16,57],[-11,38],[0,47],[7,46],[-10,48],[10,67],[-9,18]],[[25402,53215],[9,1],[-2,35]],[[25409,53251],[9,-7],[13,33],[11,70],[12,8],[-7,28],[13,-11]],[[25460,53372],[13,7],[11,-48],[17,-20]],[[25501,53311],[0,-288],[5,0]],[[25506,53023],[3,-38],[-13,-115],[2,-23],[23,-79],[3,-41],[36,-80],[3,-69],[-15,-102],[3,-55],[20,-51],[-18,-35],[-8,-82],[-9,-15],[7,-24],[-15,-26]],[[25528,52188],[-38,-35],[-40,-24],[-56,-4],[18,41],[12,-26],[35,27],[3,34],[-15,48],[-7,43],[-20,47],[-7,90],[9,74],[-3,76],[-7,48],[-20,32]],[[25724,54587],[5,-38],[7,38],[-1,62],[16,10],[2,-49],[8,-9],[8,52],[10,9],[1,-36],[20,-13],[3,-29],[10,7]],[[25813,54591],[6,-15],[-3,-55],[22,-46],[0,-226]],[[25838,54249],[1,-101],[-12,1]],[[25713,54146],[0,100],[-14,0]],[[25699,54246],[-1,206],[28,0],[-13,37],[-1,32],[9,25],[-6,27],[9,14]],[[25843,53019],[56,0]],[[25899,53019],[43,-1]],[[25408,56425],[88,-5]],[[25496,56420],[0,-51],[29,-5],[1,-204],[29,-4],[0,-101]],[[25555,56055],[-58,9],[0,-34],[-10,-1],[0,-68],[-48,4]],[[25439,55965],[-30,-1]],[[25409,55964],[-1,461]],[[25496,56876],[29,-3]],[[25525,56873],[117,-6]],[[25642,56867],[0,-358],[-11,1]],[[25631,56510],[-97,4],[-38,7]],[[25496,56521],[0,355]],[[25667,55164],[40,0],[-1,248]],[[25706,55412],[0,26],[16,-4],[59,2],[16,-60],[10,2]],[[25807,55378],[1,-106],[10,-64],[8,-12],[-2,-58],[23,-71]],[[25847,55067],[-11,-3],[0,-50]],[[25836,55014],[-84,-2],[1,-52],[-57,3]],[[25696,54963],[-28,-1],[0,77]],[[25668,55039],[-1,125]],[[26252,54459],[8,38],[-12,40],[-18,28],[5,65]],[[26164,55505],[-16,347]],[[25598,55951],[23,50],[-5,27],[7,41],[24,16],[0,34],[10,-1],[5,36],[4,100],[15,16],[5,33]],[[25686,56303],[19,33],[35,-3],[31,-87],[19,-1]],[[25790,56245],[10,0],[5,-51],[0,-76],[-7,-42],[0,-69],[9,-17]],[[25807,55990],[0,-26],[-12,-7],[-12,-59],[-18,-1],[-14,-58],[-9,-1],[-7,-57],[-15,-7],[0,-33],[-14,0],[-25,-75],[-3,-25],[-13,0]],[[25665,55641],[-10,1]],[[25655,55642],[0,33],[-27,36],[-10,60],[-10,9],[0,34],[-14,53],[-15,18],[2,42],[12,-7],[5,31]],[[25993,55935],[-5,-26],[24,-8],[5,34],[34,-4]],[[26051,55931],[-2,-199],[-1,-254]],[[26048,55478],[-90,-1],[-9,-18]],[[25949,55459],[0,17],[-46,0]],[[25903,55476],[0,106],[15,-1],[1,118],[38,-2],[1,102],[15,16],[0,68],[5,0],[0,52],[15,0]],[[26113,56612],[-12,240]],[[26065,55479],[100,1]],[[26165,55480],[13,-277]],[[26178,55203],[9,-32],[-4,-36],[13,-45],[-2,-25]],[[26194,55065],[-43,-7],[-3,-17],[-83,-3]],[[26065,55038],[0,441]],[[25861,56449],[13,57],[7,-28],[15,27],[9,-27],[0,-45],[7,-32],[8,5],[5,-49],[8,-22]],[[25933,56335],[6,-93],[-28,-62],[0,-35]],[[25911,56145],[-17,12],[9,-35],[-3,-77],[-10,-6],[8,-52],[-12,-57],[-13,19],[-8,-68],[-19,-72]],[[25846,55809],[0,130],[-29,0],[0,51],[-10,0]],[[25790,56245],[1,43],[47,39],[18,59],[5,63]],[[25398,57689],[106,-2]],[[25504,57687],[106,-5]],[[25614,57681],[-1,-213],[-18,-49],[5,-18]],[[25600,57401],[-10,-9],[-13,53],[-23,5]],[[25554,57450],[-27,37],[-17,-15],[-8,-24],[-26,-30],[-7,-32],[-21,-16],[-8,11],[-24,74],[-8,73],[-25,46],[-16,-17]],[[25367,57557],[-16,35],[-13,85]],[[25338,57677],[0,15],[60,-3]],[[26083,57204],[-2,40]],[[25935,57072],[15,5],[61,168],[26,140],[9,12],[9,90],[13,33]],[[26068,57520],[13,-276]],[[26083,57204],[4,-76]],[[26087,57128],[-18,-47],[0,-51],[-16,-85],[-11,-27],[-37,-121],[-10,6],[0,-52]],[[25995,56751],[-73,1]],[[25922,56752],[-1,264],[14,56]],[[25346,55349],[7,50],[29,-7],[5,36],[16,17],[10,41],[26,47]],[[25439,55533],[2,-159],[34,1],[-2,-13]],[[25473,55362],[-6,-81],[-10,-11],[4,-24],[-12,-11],[-8,-66],[3,-54],[-14,-37],[18,-12],[-7,-46],[10,3],[2,-71],[13,-3],[-3,-21],[-17,0],[4,-27],[14,2],[4,-28],[-15,-7],[-7,-67]],[[25446,54801],[-11,9]],[[25435,54810],[-12,70],[10,-2],[1,35],[-13,-7],[-7,20],[-13,-25],[-22,-21],[-7,31],[6,28],[1,62],[-7,-15],[-10,20],[8,10],[-6,72],[9,4],[1,35],[-9,-7],[-8,40],[-12,-5],[6,28],[-7,22],[-8,62],[9,8],[1,74]],[[26087,57128],[14,-276]],[[26113,56612],[6,-136]],[[26119,56476],[-27,-8],[-10,-18]],[[26082,56450],[1,17],[-59,15]],[[26024,56482],[1,24],[-17,129],[2,29],[-14,-17],[-1,104]],[[25554,57450],[3,-38],[-3,-68],[-7,-15],[2,-41],[-15,-41],[-9,-69]],[[25525,57178],[-170,17]],[[25355,57195],[12,362]],[[25837,54667],[3,20],[15,7],[10,-25],[-4,37],[17,68],[14,-31],[6,-45],[18,-3],[23,-32],[6,16]],[[25945,54679],[9,-98],[20,-71]],[[25974,54510],[-19,-3],[-3,-25],[0,-232]],[[25952,54250],[1,-98],[-55,-1]],[[25898,54151],[-31,-2],[0,100],[-29,0]],[[25813,54591],[10,39],[1,33],[13,4]],[[25867,56634],[32,97],[23,4],[0,17]],[[26024,56482],[0,-39],[-30,25],[-15,-16],[0,-43],[-19,10],[-7,-58],[-20,-26]],[[25861,56449],[-13,-1],[11,54],[0,63],[8,69]],[[25351,57057],[4,138]],[[25525,57178],[0,-305]],[[25496,56876],[-76,6],[-74,10]],[[25346,56892],[5,165]],[[25847,55067],[102,2]],[[25949,55069],[36,-1],[-9,-89],[7,-35],[-2,-52],[2,-128]],[[25983,54764],[4,-22],[-6,-31],[-22,7],[-14,-39]],[[25837,54667],[-1,347]],[[26122,56404],[-3,72]],[[25555,55208],[29,1],[0,-51],[83,6]],[[25668,55039],[-9,-126],[2,-25],[-11,-34],[0,-39],[-9,-56],[-86,-7],[0,-203],[-14,-1]],[[25541,54548],[-14,0],[0,203]],[[25527,54751],[0,202],[14,1],[0,203],[14,0],[0,51]],[[26082,56450],[0,-61],[-20,1],[-9,-17],[0,-33],[14,-1],[0,-51],[-15,-34],[0,-145],[-5,-25],[-24,-31],[0,-52],[-15,1]],[[26008,56002],[1,34],[-56,1],[-8,17],[-1,53],[-6,31],[-27,7]],[[25696,54963],[5,-112],[-2,-36],[13,-100],[10,-30],[-6,-29],[8,-34],[0,-35]],[[25699,54246],[-76,-1],[-3,45],[-12,18],[-8,53],[-5,-3],[-13,64],[-11,-2],[-7,49],[-15,34],[-8,-4]],[[25541,54499],[0,49]],[[25756,53636],[0,-102],[7,0],[3,-78],[-10,-28],[0,-178]],[[25756,53250],[-18,-12],[0,92],[-184,-1]],[[25554,53329],[9,47],[10,20],[17,97],[19,62],[6,5],[11,71],[9,142],[22,42],[2,47],[17,0],[23,41]],[[25262,54067],[12,388]],[[25277,54549],[137,3]],[[25414,54552],[-25,-30],[3,-116],[-8,-47],[-2,-73],[-7,-24],[-14,-10],[1,-42],[12,-31]],[[25374,54179],[1,-37],[-15,-10],[10,-33],[-12,-20],[-3,-47],[-11,-50],[10,-80],[11,10],[5,-72]],[[25370,53840],[-105,-1]],[[25265,53839],[-3,228]],[[25286,54863],[6,197],[5,212]],[[25297,55272],[2,72]],[[25299,55344],[47,5]],[[25435,54810],[0,-20],[-17,3],[-11,-52],[-22,-46],[-4,-66],[21,-38],[12,-39]],[[26205,53385],[-1,63],[8,80],[-2,43],[7,57]],[[26223,53114],[-3,38],[-20,91],[3,54],[-5,51],[7,37]],[[26051,55931],[81,-4],[13,-11]],[[26145,55916],[3,-64]],[[26164,55505],[1,-25]],[[26065,55479],[-17,-1]],[[25718,57673],[15,0]],[[25733,57673],[0,-221],[-2,-293]],[[25644,57317],[-10,44],[-23,46],[-11,-6]],[[25627,53025],[106,-2]],[[26068,57520],[-7,144]],[[26229,53027],[-6,87]],[[25265,53839],[4,-306]],[[25798,57154],[5,-52],[18,-30],[12,5],[9,45],[15,-10],[10,81],[-7,23]],[[25860,57216],[50,0],[0,-91],[14,1],[3,-65],[8,11]],[[25867,56634],[-30,123],[-12,63]],[[25825,56820],[-7,51],[-29,2]],[[25974,54510],[11,19],[6,-69],[118,3]],[[26109,54463],[2,-102],[5,0]],[[26116,54361],[-5,-9],[0,-144],[-24,-2],[0,-16],[-22,-7],[-3,-38],[-13,-58],[-2,-36]],[[26047,54051],[-37,0],[0,101],[-26,0],[-3,93],[-29,5]],[[26109,54667],[29,1],[-1,68],[77,5],[-1,40],[16,3]],[[26229,54784],[2,-66],[9,-36],[-5,-52]],[[26252,54459],[-13,-14],[2,-24],[-14,-21],[-13,-52],[2,-85]],